last_name, first_name,year,player_age,b_ab,b_total_pa,b_total_hits,b_single,b_double,b_triple,b_home_run,b_strikeout,b_walk,b_k_percent,b_bb_percent,batting_avg,slg_percent,on_base_percent,on_base_plus_slg,xba,xslg,woba,xwoba,xobp,xiso,exit_velocity_avg,launch_angle_avg,sweet_spot_percent,barrel_batted_rate,
Beltre, Adrian,2018,39,433,481,118,79,23,1,15,96,34,20.0,7.1,.273,.434,.328,.763,.268,.439,.327,.334,.328,.171,88.7,13.6,39.7,6.4,
Martinez, Victor,2018,40,467,508,117,87,21,0,9,49,32,9.6,6.3,.251,.353,.297,.651,.270,.418,.281,.320,.318,.148,87.8,14.1,35.3,4.7,
Pujols, Albert,2018,38,465,498,114,75,20,0,19,65,28,13.1,5.6,.245,.411,.289,.700,.269,.454,.299,.331,.313,.184,90.1,14,34.5,6.2,
Mauer, Joe,2018,35,486,543,137,103,27,1,6,86,51,15.8,9.4,.282,.379,.350,.729,.298,.455,.319,.359,.367,.157,91.1,4.5,36.9,5.0,
Reyes, Jose,2018,35,228,251,43,24,12,3,4,39,22,15.5,8.8,.189,.320,.259,.579,.221,.304,.255,.269,.290,.083,85.4,12.6,27.9,2.6,
Choo, Shin-Soo,2018,36,560,665,148,96,30,1,21,156,92,23.5,13.8,.264,.434,.376,.810,.253,.471,.356,.367,.368,.217,89.3,6.1,35.9,11.1,
Molina, Yadier,2018,36,459,503,120,80,20,0,20,66,29,13.1,5.8,.261,.436,.314,.750,.271,.443,.323,.338,.325,.172,88.2,15.4,37.6,5.5,
Cano, Robinson,2018,36,310,348,94,62,22,0,10,47,32,13.5,9.2,.303,.471,.374,.845,.310,.513,.364,.387,.380,.203,93.1,8.3,37.4,8.7,
Encarnacion, Edwin,2018,35,500,579,123,74,16,1,32,132,63,22.8,10.9,.246,.474,.335,.809,.247,.486,.346,.362,.343,.238,89.9,18,34.1,11.2,
Bautista, Jose,2018,38,325,399,66,35,18,0,13,111,67,27.8,16.8,.203,.378,.348,.727,.219,.393,.324,.338,.363,.173,90.8,19.9,35.3,7.9,
Jones, Adam,2018,33,580,613,163,113,35,0,15,93,24,15.2,3.9,.281,.419,.313,.732,.271,.418,.315,.315,.305,.147,88.3,13.2,35.6,4.9,
Martin, Russell,2018,35,289,352,56,38,8,0,10,82,56,23.3,15.9,.194,.325,.338,.663,.204,.333,.305,.316,.347,.129,90.6,10.1,22.7,6.3,
Granderson, Curtis,2018,37,343,403,83,46,22,2,13,106,54,26.3,13.4,.242,.431,.350,.781,.255,.428,.341,.349,.362,.173,88.7,16.9,44.8,6.3,
Morales, Kendrys,2018,35,413,471,103,67,15,0,21,95,50,20.2,10.6,.249,.438,.331,.769,.274,.530,.329,.381,.357,.256,92.3,10,34.4,12.1,
Kinsler, Ian,2018,36,487,534,117,77,26,0,14,64,40,12.0,7.5,.240,.380,.301,.681,.251,.376,.298,.307,.313,.124,85.3,17.7,36.6,3.1,
Walker, Neil,2018,33,347,398,76,52,12,1,11,87,42,21.9,10.6,.219,.354,.309,.664,.252,.438,.292,.338,.339,.187,88.1,13.7,42.8,6.1,
Suzuki, Kurt,2018,35,347,388,94,58,24,0,12,43,22,11.1,5.7,.271,.444,.332,.776,.271,.419,.335,.333,.336,.148,87.2,18.2,33.2,3.9,
Desmond, Ian,2018,33,555,619,131,80,21,8,22,146,53,23.6,8.6,.236,.422,.307,.729,.230,.390,.315,.306,.303,.160,90.1,-0.1,28.5,7.0,
Cruz, Nelson,2018,38,519,591,133,77,18,1,37,122,55,20.6,9.3,.256,.509,.342,.850,.282,.561,.361,.395,.366,.279,93.9,12.8,31.3,13.8,
Trumbo, Mark,2018,32,330,358,86,57,12,0,17,87,24,24.3,6.7,.261,.452,.313,.764,.270,.448,.329,.336,.322,.178,92.8,10.4,33.1,10.2,
Peralta, David,2018,31,560,614,164,104,25,5,30,124,48,20.2,7.8,.293,.516,.352,.868,.282,.480,.368,.357,.344,.197,91.5,6.7,32.9,7.8,
Pina, Manny,2018,31,306,337,77,53,13,2,9,62,21,18.4,6.2,.252,.395,.306,.701,.248,.392,.301,.305,.306,.143,84.9,14,37.3,5.2,
Escobar, Alcides,2018,32,485,531,112,83,22,3,4,74,29,13.9,5.5,.231,.313,.275,.588,.242,.336,.261,.282,.292,.094,84.6,10.6,30.0,2.1,
Jay, Jon,2018,33,527,586,141,112,19,7,3,95,33,16.2,5.6,.268,.347,.328,.675,.256,.343,.301,.301,.321,.087,85.1,4.2,31.6,1.8,
Duda, Lucas,2018,32,328,367,79,50,14,1,14,102,28,27.8,7.6,.241,.418,.313,.731,.241,.447,.316,.329,.314,.206,89.5,19.6,42.8,10.0,
Wieters, Matt,2018,32,235,271,56,40,8,0,8,45,30,16.6,11.1,.238,.374,.328,.703,.227,.387,.308,.311,.321,.160,87.1,18.6,32.6,4.7,
Longoria, Evan,2018,33,480,512,117,72,25,4,16,101,22,19.7,4.3,.244,.413,.281,.694,.254,.433,.295,.315,.293,.179,88.5,13.4,32.6,7.6,
Cozart, Zack,2018,33,224,253,49,29,13,2,5,42,19,16.6,7.5,.219,.362,.296,.658,.237,.359,.289,.302,.314,.122,85.6,17.4,39.5,2.2,
Davis, Chris,2018,32,470,522,79,51,12,0,16,192,41,36.8,7.9,.168,.296,.243,.539,.191,.363,.239,.278,.266,.172,89.3,15.1,35.5,10.3,
Zobrist, Ben,2018,37,455,520,139,99,28,3,9,60,55,11.5,10.6,.305,.440,.377,.816,.277,.400,.355,.340,.357,.122,89.9,9,35.0,3.0,
Fowler, Dexter,2018,32,289,334,52,34,10,0,8,75,38,22.5,11.4,.180,.298,.278,.576,.212,.312,.261,.283,.307,.100,85.3,12.6,30.7,3.2,
Flowers, Tyler,2018,32,251,296,57,40,9,0,8,76,35,25.7,11.8,.227,.359,.341,.700,.240,.413,.315,.344,.354,.173,90,12.9,37.5,6.8,
Span, Denard,2018,34,437,501,114,74,22,7,11,79,51,15.8,10.2,.261,.419,.341,.760,.284,.396,.330,.341,.364,.111,87.2,13.3,36.7,2.7,
Cabrera, Asdrubal,2018,33,546,592,143,83,36,1,23,119,41,20.1,6.9,.262,.458,.316,.774,.256,.446,.332,.330,.311,.190,90,14.6,32.9,7.2,
Blackmon, Charlie,2018,32,626,696,182,115,31,7,29,134,59,19.3,8.5,.291,.502,.358,.859,.280,.451,.368,.352,.350,.171,87.5,12,34.9,6.5,
Frazier, Todd,2018,32,408,472,87,51,18,0,18,112,48,23.7,10.2,.213,.390,.303,.693,.221,.389,.302,.308,.311,.168,89.6,18.6,32.2,6.9,
Iannetta, Chris,2018,35,299,360,67,42,13,1,11,87,50,24.2,13.9,.224,.385,.344,.729,.231,.411,.320,.338,.355,.180,92,13.6,37.0,9.3,
Maldonado, Martin,2018,32,373,404,84,56,18,1,9,98,16,24.3,4.0,.225,.351,.275,.626,.211,.326,.275,.266,.265,.115,85.7,14.7,30.8,5.0,
Chirinos, Robinson,2018,34,360,426,80,46,15,1,18,140,45,32.9,10.6,.222,.419,.338,.757,.197,.390,.333,.318,.318,.194,88,21.9,36.5,10.8,
Markakis, Nick,2018,35,623,705,185,126,43,2,14,80,72,11.3,10.2,.297,.440,.366,.806,.296,.434,.345,.351,.369,.137,90.6,10,38.4,3.1,
Nunez, Eduardo,2018,31,480,502,127,91,23,3,10,69,16,13.7,3.2,.265,.388,.289,.676,.268,.364,.292,.295,.297,.095,88.3,9.4,27.2,3.4,
Pearce, Steve,2018,35,215,251,61,35,14,1,11,41,29,16.3,11.6,.284,.512,.378,.890,.291,.549,.382,.405,.388,.257,89.4,11.9,35.8,11.4,
Cain, Lorenzo,2018,32,539,620,166,129,25,2,10,94,71,15.2,11.5,.308,.417,.395,.813,.289,.399,.359,.350,.379,.110,89.1,4.9,30.9,3.4,
McCutchen, Andrew,2018,32,569,682,145,92,30,3,20,145,95,21.3,13.9,.255,.424,.368,.792,.266,.454,.347,.368,.378,.189,90.1,13.4,36.4,8.4,
Jackson, Austin,2018,31,347,375,85,64,17,1,3,133,26,35.5,6.9,.245,.326,.299,.624,.210,.299,.275,.254,.267,.089,87.1,11.2,34.0,2.8,
Upton, Justin,2018,31,533,613,137,88,18,1,30,176,64,28.7,10.4,.257,.463,.344,.808,.257,.475,.348,.361,.348,.219,90.7,11.9,34.7,14.0,
Maybin, Cameron,2018,31,342,384,85,65,14,2,4,75,38,19.5,9.9,.249,.336,.326,.662,.260,.380,.295,.320,.337,.120,86.7,7.7,34.6,4.1,
Turner, Justin,2018,34,365,426,114,68,31,1,14,54,47,12.7,11.0,.312,.518,.406,.924,.298,.502,.396,.391,.396,.204,89.1,18.3,44.7,7.7,
Posey, Buster,2018,31,398,448,113,85,22,1,5,53,45,11.8,10.0,.284,.382,.359,.741,.280,.431,.326,.347,.356,.151,89.1,10.3,35.2,5.2,
Bruce, Jay,2018,31,319,361,71,43,18,1,9,75,41,20.8,11.4,.223,.370,.310,.680,.250,.445,.296,.340,.337,.195,88.4,21.4,37.6,9.0,
Votto, Joey,2018,35,503,623,143,101,28,2,12,101,108,16.2,17.3,.284,.419,.417,.837,.288,.484,.370,.398,.422,.196,88.1,13.4,45.9,6.7,
Gardner, Brett,2018,35,530,609,125,86,20,7,12,107,65,17.6,10.7,.236,.368,.320,.688,.233,.345,.305,.302,.321,.112,88,9.4,30.6,2.8,
Hundley, Nick,2018,35,282,305,68,43,13,2,10,85,22,27.9,7.2,.241,.408,.298,.706,.259,.410,.304,.317,.315,.150,88.9,15.6,38.6,6.6,
Braun, Ryan,2018,35,405,447,103,57,25,1,20,85,34,19.0,7.6,.254,.469,.311,.780,.297,.525,.330,.375,.354,.228,92.3,6.4,36.2,10.8,
Gordon, Alex,2018,34,506,568,124,87,24,0,13,124,50,21.8,8.8,.245,.370,.324,.694,.260,.440,.305,.339,.338,.180,88.5,11,36.6,6.8,
Gomez, Carlos,2018,33,360,408,75,49,15,2,9,103,25,25.2,6.1,.208,.336,.297,.633,.216,.352,.285,.299,.306,.137,86.9,19.7,32.4,5.0,
Kemp, Matt,2018,34,462,506,134,88,25,0,21,115,36,22.7,7.1,.290,.481,.338,.818,.275,.526,.348,.363,.327,.251,89.6,15.8,42.1,11.0,
Andrus, Elvis,2018,30,395,428,101,72,20,3,6,66,28,15.4,6.5,.256,.367,.308,.675,.243,.358,.296,.293,.297,.115,87.2,8.7,30.8,4.2,
Cervelli, Francisco,2018,32,332,404,86,56,15,3,12,84,51,20.8,12.6,.259,.431,.376,.807,.242,.426,.355,.353,.366,.184,88.8,16.3,35.8,8.3,
Cabrera, Melky,2018,34,250,278,70,47,17,0,6,38,20,13.7,7.2,.280,.420,.335,.755,.292,.386,.326,.335,.354,.094,90.7,9.1,33.6,2.3,
Sandoval, Pablo,2018,32,230,252,57,37,10,1,9,52,19,20.6,7.5,.248,.417,.310,.727,.235,.387,.312,.304,.300,.152,89.6,9.7,32.4,5.0,
Ramos, Wilson,2018,31,382,416,117,79,22,1,15,80,32,19.2,7.7,.306,.487,.358,.845,.267,.453,.362,.337,.324,.187,91.3,4.5,33.6,7.2,
Santana, Carlos,2018,32,560,679,128,74,28,2,24,93,110,13.7,16.2,.229,.414,.352,.766,.249,.424,.333,.352,.371,.175,88.9,15.4,30.3,6.9,
Parra, Gerardo,2018,31,401,443,114,91,17,0,6,75,32,16.9,7.2,.284,.372,.341,.712,.266,.380,.313,.314,.328,.114,86.8,9.2,34.7,2.7,
Gonzalez, Carlos,2018,33,463,504,128,76,32,4,16,113,37,22.4,7.3,.276,.467,.329,.796,.247,.389,.338,.303,.304,.142,89.7,9,29.7,6.2,
Valbuena, Luis,2018,33,266,288,53,35,9,0,9,100,19,34.7,6.6,.199,.335,.253,.588,.187,.352,.253,.260,.246,.165,89.6,18.5,29.8,10.1,
Mercer, Jordy,2018,32,394,436,99,62,29,2,6,87,32,20.0,7.3,.251,.381,.314,.695,.270,.399,.296,.319,.334,.128,87.6,13.1,40.8,4.8,
Belt, Brandon,2018,30,399,456,101,67,18,2,14,107,49,23.5,10.7,.253,.414,.342,.756,.256,.488,.327,.357,.345,.233,87,23.3,43.9,10.5,
Alonso, Yonder,2018,31,516,574,129,87,19,0,23,123,51,21.4,8.9,.250,.421,.317,.738,.258,.451,.319,.338,.326,.193,87.8,15.7,36.9,9.8,
Smoak, Justin,2018,32,505,594,122,63,34,0,25,156,83,26.3,14.0,.242,.457,.350,.808,.226,.440,.349,.341,.337,.215,89.5,15,36.9,10.8,
Zimmerman, Ryan,2018,34,288,323,76,40,21,2,13,55,30,17.0,9.3,.264,.486,.337,.824,.275,.516,.351,.377,.351,.241,92.6,7.1,28.9,13.6,
Lowrie, Jed,2018,34,596,680,159,98,37,1,23,128,78,18.8,11.5,.267,.448,.353,.801,.252,.424,.348,.337,.341,.172,89.2,17.4,38.0,5.3,
Brantley, Michael,2018,31,570,631,176,121,36,2,17,60,48,9.5,7.6,.309,.468,.363,.831,.309,.460,.359,.365,.368,.151,90.2,9.5,38.1,3.5,
Morrison, Logan,2018,31,318,359,59,31,13,0,15,80,34,22.3,9.5,.186,.368,.276,.644,.241,.475,.283,.350,.329,.234,88.7,20.5,36.0,10.9,
Hernandez, Gorkys,2018,31,414,451,97,64,16,2,15,113,27,25.1,6.0,.234,.391,.284,.675,.241,.405,.292,.307,.295,.164,87.5,12.6,29.3,7.5,
Gurriel, Yuli,2018,34,537,573,156,109,33,1,13,63,23,11.0,4.0,.291,.428,.323,.751,.263,.368,.323,.298,.300,.105,89.3,11.5,32.6,1.9,
Solarte, Yangervis,2018,31,468,506,106,69,20,0,17,72,31,14.2,6.1,.226,.378,.277,.655,.253,.392,.284,.306,.303,.139,87.1,14.1,30.0,4.5,
Rojas, Miguel,2018,29,488,528,123,99,13,0,11,69,24,13.1,4.5,.252,.346,.295,.642,.268,.354,.282,.296,.312,.086,84.7,9.4,35.5,0.9,
Escobar, Eduardo,2018,29,566,631,154,80,48,3,23,126,52,20.0,8.2,.272,.489,.334,.824,.251,.437,.346,.328,.319,.186,86.5,18.9,38.8,8.3,
Martinez, Jose,2018,30,534,590,163,116,30,0,17,104,49,17.6,8.3,.305,.457,.363,.820,.309,.523,.356,.387,.369,.214,91,8.1,37.5,9.4,
Adrianza, Ehire,2018,29,335,366,84,54,23,1,6,82,24,22.4,6.6,.251,.379,.298,.677,.241,.368,.294,.291,.294,.127,86.6,16.3,34.4,5.0,
Freese, David,2018,35,280,312,83,58,12,2,11,72,24,23.1,7.7,.296,.471,.359,.830,.285,.485,.357,.365,.353,.201,90.4,7,34.6,9.0,
Davis, Khris,2018,31,576,654,142,65,28,1,48,175,59,26.8,9.0,.247,.549,.326,.874,.250,.571,.365,.380,.330,.322,92.5,18,37.7,17.2,
Pham, Tommy,2018,30,494,570,136,91,18,6,21,140,67,24.6,11.8,.275,.464,.367,.830,.293,.514,.359,.387,.382,.221,93,6.6,38.7,10.1,
Martinez, J.D.,2018,31,569,649,188,106,37,2,43,146,69,22.5,10.6,.330,.629,.402,1.031,.313,.626,.428,.425,.388,.314,93,10.6,40.0,16.0,
Valencia, Danny,2018,34,255,282,67,49,8,1,9,53,22,18.8,7.8,.263,.408,.316,.723,.286,.468,.310,.354,.344,.182,90.7,9.2,35.3,7.7,
Reddick, Josh,2018,31,433,487,105,73,13,2,17,77,49,15.8,10.1,.242,.400,.316,.716,.239,.367,.312,.303,.316,.128,85.6,18.2,32.0,3.9,
Murphy, Daniel,2018,33,328,351,98,71,15,0,12,40,20,11.4,5.7,.299,.454,.336,.790,.304,.461,.338,.349,.342,.157,87.6,16.3,42.3,4.8,
Goldschmidt, Paul,2018,31,593,690,172,99,35,5,33,173,90,25.1,13.0,.290,.533,.388,.921,.274,.538,.390,.389,.375,.264,90.8,15.7,37.1,13.6,
Gonzalez, Marwin,2018,29,489,552,121,77,25,3,16,126,53,22.8,9.6,.247,.409,.321,.730,.246,.420,.318,.325,.324,.174,89.1,11.4,35.4,6.8,
Leon, Sandy,2018,29,265,288,47,30,12,0,5,75,15,26.0,5.2,.177,.279,.229,.508,.188,.289,.227,.240,.242,.101,84.7,17,29.9,4.6,
Altuve, Jose,2018,28,534,599,169,125,29,2,13,79,55,13.2,9.2,.316,.451,.384,.835,.291,.461,.364,.361,.364,.170,87.2,10.1,34.0,5.9,
Hernandez, Cesar,2018,28,605,708,153,120,15,3,15,155,95,21.9,13.4,.253,.362,.356,.718,.244,.361,.320,.322,.352,.117,85.8,11.5,30.0,4.2,
Segura, Jean,2018,28,586,632,178,136,29,3,10,69,32,10.9,5.1,.304,.415,.339,.753,.280,.402,.327,.318,.320,.122,87.7,7.8,30.0,3.6,
Castro, Starlin,2018,28,593,647,165,119,32,2,12,124,48,19.2,7.4,.278,.400,.329,.729,.263,.412,.316,.320,.316,.150,88.5,8.2,32.0,6.9,
Marte, Starling,2018,30,559,606,155,98,32,5,20,109,35,18.0,5.8,.277,.460,.327,.786,.270,.463,.337,.341,.322,.194,88.4,8.7,31.5,7.5,
Pirela, Jose,2018,29,438,473,109,79,23,2,5,89,30,18.8,6.3,.249,.345,.300,.645,.260,.354,.283,.299,.313,.094,89,4.7,25.4,3.4,
Culberson, Charlie,2018,29,296,322,80,48,18,2,12,85,21,26.4,6.5,.270,.466,.326,.792,.220,.345,.335,.273,.281,.125,85.2,8.6,33.5,5.2,
Descalso, Daniel,2018,32,349,423,83,44,22,4,13,110,64,26.0,15.1,.238,.436,.352,.788,.233,.404,.341,.339,.354,.171,89,18.9,41.5,10.2,
Dietrich, Derek,2018,29,499,551,132,88,26,2,16,140,29,25.4,5.3,.265,.421,.330,.751,.242,.390,.327,.310,.310,.148,87.4,15.7,34.1,6.1,
Freeman, Freddie,2018,29,618,707,191,120,44,4,23,132,76,18.7,10.7,.309,.505,.388,.892,.298,.539,.378,.392,.380,.241,89.1,14.5,44.9,9.3,
Grandal, Yasmani,2018,30,440,518,106,57,23,2,24,124,72,23.9,13.9,.241,.466,.349,.815,.228,.455,.352,.347,.340,.227,89,14.2,33.2,11.9,
Heyward, Jason,2018,29,440,489,119,84,23,4,8,60,42,12.3,8.6,.270,.395,.333,.729,.269,.393,.319,.323,.335,.124,88.4,9.7,29.7,2.9,
LeMahieu, DJ,2018,30,533,581,147,98,32,2,15,82,37,14.1,6.4,.276,.428,.320,.748,.282,.429,.323,.333,.329,.146,91.3,5.9,31.3,5.2,
Lucroy, Jonathan,2018,32,415,454,100,74,21,1,4,65,29,14.3,6.4,.241,.325,.291,.616,.253,.360,.271,.296,.305,.108,86.9,13.5,37.0,2.2,
Mesoraco, Devin,2018,30,244,274,54,33,10,0,11,52,25,19.0,9.1,.221,.398,.303,.700,.213,.375,.302,.295,.296,.162,86.6,20.6,26.9,6.2,
Moreland, Mitch,2018,33,404,459,99,57,23,4,15,102,50,22.2,10.9,.245,.433,.325,.758,.254,.488,.325,.359,.337,.234,90.9,11.6,33.6,11.7,
Moustakas, Mike,2018,30,573,635,144,82,33,1,28,103,49,16.2,7.7,.251,.459,.315,.774,.260,.466,.329,.340,.324,.206,89.5,19.9,31.3,8.8,
Rizzo, Anthony,2018,29,566,665,160,105,29,1,25,80,70,12.0,10.5,.283,.470,.376,.846,.293,.474,.359,.371,.387,.181,90.1,14.7,36.2,6.5,
Romine, Austin,2018,30,242,265,59,37,12,0,10,67,17,25.3,6.4,.244,.417,.294,.712,.233,.367,.307,.290,.287,.135,88.6,9.6,33.0,5.0,
Souza Jr., Steven,2018,29,241,272,53,30,15,3,5,75,28,27.6,10.3,.220,.369,.309,.678,.238,.394,.300,.320,.325,.156,88.7,16.2,35.5,7.8,
Stanton, Giancarlo,2018,29,617,705,164,91,34,1,38,211,70,29.9,9.9,.266,.509,.343,.852,.246,.476,.360,.348,.329,.229,93.7,11.7,30.0,15.1,
Thames, Eric,2018,32,247,278,54,25,10,3,16,97,29,34.9,10.4,.219,.478,.306,.783,.211,.451,.330,.321,.299,.240,91,19.3,34.7,16.7,
Galvis, Freddy,2018,29,602,656,149,100,31,5,13,147,45,22.4,6.9,.248,.380,.299,.679,.221,.350,.294,.280,.279,.129,88.6,13.7,32.3,3.9,
Perez, Salvador,2018,28,510,544,120,70,23,0,27,108,17,19.9,3.1,.235,.439,.274,.713,.262,.486,.304,.341,.301,.225,91.2,18.1,35.4,10.8,
Forsythe, Logan,2018,31,371,416,86,68,16,0,2,83,41,20.0,9.9,.232,.291,.313,.604,.224,.310,.274,.282,.306,.085,87.3,10.4,29.4,1.0,
Flores, Wilmer,2018,27,386,429,103,67,25,0,11,42,29,9.8,6.8,.267,.417,.319,.736,.259,.379,.316,.308,.315,.120,86.4,17.3,32.9,2.8,
Garcia, Avisail,2018,27,356,385,84,52,11,2,19,102,20,26.5,5.2,.236,.438,.281,.719,.251,.466,.304,.332,.299,.216,90.3,9.6,26.6,11.6,
Perez, Hernan,2018,27,316,334,80,58,11,2,9,71,17,21.3,5.1,.253,.386,.290,.676,.246,.381,.292,.293,.285,.135,87.9,11.5,34.1,4.9,
Inciarte, Ender,2018,28,597,660,158,115,27,6,10,86,49,13.0,7.4,.265,.380,.323,.703,.257,.347,.309,.303,.321,.090,84.9,10.8,32.6,1.5,
Ozuna, Marcell,2018,28,582,628,163,122,16,2,23,110,38,17.5,6.1,.280,.433,.325,.758,.288,.502,.327,.363,.335,.213,91.5,10.7,30.3,9.7,
Villar, Jonathan,2018,27,466,515,121,92,14,1,14,138,41,26.8,8.0,.260,.384,.324,.708,.227,.361,.312,.295,.297,.134,88.5,3.2,26.9,5.1,
Aguilar, Jesus,2018,28,492,566,135,75,25,0,35,143,58,25.3,10.2,.274,.539,.352,.890,.256,.498,.374,.363,.341,.241,89.8,16.2,38.2,11.4,
Beckham, Tim,2018,28,369,402,85,56,17,0,12,100,27,24.9,6.7,.230,.374,.286,.660,.240,.382,.288,.301,.297,.142,87.1,9.8,31.6,5.9,
Crawford, Brandon,2018,31,531,594,135,91,28,2,14,122,50,20.5,8.4,.254,.394,.325,.719,.257,.385,.306,.313,.331,.128,87.5,11.3,37.2,3.6,
Cron, C.J.,2018,28,501,560,127,68,28,1,30,145,37,25.9,6.6,.253,.493,.323,.816,.251,.485,.347,.348,.322,.234,88,15.2,34.3,12.2,
Gomes, Yan,2018,31,403,435,107,65,26,0,16,119,21,27.4,4.8,.266,.449,.313,.762,.252,.460,.326,.328,.302,.207,88.9,18.7,41.5,8.4,
Grossman, Robbie,2018,29,396,465,108,75,27,1,5,83,60,17.8,12.9,.273,.384,.366,.749,.250,.355,.333,.322,.351,.105,87.1,15.1,34.1,2.2,
Harrison, Josh,2018,31,344,374,86,64,13,1,8,68,18,18.2,4.8,.250,.363,.291,.655,.233,.372,.285,.286,.280,.139,85.9,15.7,36.0,3.9,
Hicks, Aaron,2018,29,480,581,119,71,18,3,27,111,90,19.1,15.5,.248,.467,.365,.832,.265,.473,.360,.376,.384,.208,89.7,13.2,34.2,8.8,
Hicks, John,2018,29,288,312,75,53,12,1,9,84,22,26.9,7.1,.260,.403,.311,.714,.232,.380,.311,.294,.286,.149,87.9,14.6,33.0,5.8,
Hosmer, Eric,2018,29,613,677,155,104,31,2,18,142,62,21.0,9.2,.253,.398,.322,.720,.252,.389,.310,.313,.323,.137,88.8,-1.4,26.7,5.9,
Joseph, Caleb,2018,32,265,280,58,39,14,2,3,68,10,24.3,3.6,.219,.321,.254,.574,.228,.322,.251,.261,.264,.095,85.1,13,39.2,1.5,
Kipnis, Jason,2018,31,530,601,122,75,28,1,18,112,60,18.6,10.0,.230,.389,.314,.703,.242,.404,.309,.325,.329,.163,86.9,17.8,34.4,6.6,
Mahtook, Mikie,2018,29,223,250,45,30,4,2,9,66,21,26.4,8.4,.202,.359,.276,.635,.220,.359,.276,.291,.294,.139,87.9,12.4,28.1,6.3,
McCann, James,2018,28,427,457,94,70,16,0,8,116,26,25.4,5.7,.220,.314,.267,.581,.235,.367,.256,.290,.284,.132,87.8,16.2,37.7,5.1,
Miller, Brad,2018,29,230,254,57,35,13,2,7,82,22,32.3,8.7,.248,.413,.311,.724,.227,.426,.311,.312,.294,.198,91.1,11.2,37.3,10.7,
Rendon, Anthony,2018,28,529,597,163,93,44,2,24,82,55,13.7,9.2,.308,.535,.374,.909,.308,.552,.383,.394,.374,.244,90.7,17.9,39.8,10.3,
Semien, Marcus,2018,28,632,703,161,109,35,2,15,131,61,18.6,8.7,.255,.388,.317,.705,.246,.385,.308,.309,.312,.139,86.8,15.4,35.1,4.5,
Shaw, Travis,2018,28,498,587,120,65,23,0,32,108,78,18.4,13.3,.241,.480,.344,.824,.246,.465,.351,.353,.351,.220,88.9,16.9,31.2,10.3,
Springer, George,2018,29,544,620,144,96,26,0,22,122,64,19.7,10.3,.265,.434,.344,.777,.255,.463,.340,.351,.338,.208,88.6,9.5,30.1,8.9,
Strange-Gordon, Dee,2018,30,556,588,149,120,17,8,4,80,9,13.6,1.5,.268,.349,.284,.633,.274,.336,.277,.285,.297,.062,83.2,5.8,30.4,0.2,
Vazquez, Christian,2018,28,251,269,52,39,10,0,3,41,13,15.2,4.8,.207,.283,.257,.539,.250,.349,.240,.289,.298,.099,87.4,12.8,32.7,1.9,
Wong, Kolten,2018,28,353,407,88,59,18,2,9,60,31,14.7,7.6,.249,.388,.327,.715,.241,.359,.315,.309,.329,.118,87.6,9.1,25.5,3.3,
Gregorius, Didi,2018,28,504,569,135,80,23,5,27,69,48,12.1,8.4,.268,.494,.334,.828,.264,.410,.350,.327,.334,.145,87,16,32.8,4.7,
Garcia, Leury,2018,27,258,275,70,55,7,4,4,69,9,25.1,3.3,.271,.376,.298,.674,.267,.366,.295,.296,.299,.099,88,6.9,33.0,2.6,
Grichuk, Randal,2018,27,424,462,104,46,32,1,25,122,27,26.4,5.8,.245,.502,.301,.803,.246,.489,.340,.341,.303,.243,90.7,18.7,35.1,14.4,
Stassi, Max,2018,27,221,250,50,29,13,0,8,74,23,29.6,9.2,.226,.394,.316,.710,.207,.399,.313,.309,.299,.192,89.9,5.8,28.6,8.8,
Trout, Mike,2018,27,471,608,147,80,24,4,39,124,122,20.4,20.1,.312,.628,.459,1.087,.295,.601,.447,.436,.447,.306,91.2,18.6,41.0,16.5,
Herrera, Odubel,2018,27,550,597,140,96,19,3,22,122,38,20.4,6.4,.255,.420,.310,.730,.233,.362,.315,.289,.292,.128,86.7,13.2,28.8,4.9,
Almora Jr., Albert,2018,24,444,479,127,97,24,1,5,83,24,17.3,5.0,.286,.378,.322,.700,.250,.326,.305,.281,.294,.076,86.5,8.2,30.1,1.4,
Delmonico, Nicky,2018,26,284,318,61,37,11,5,8,80,27,25.2,8.5,.215,.373,.296,.669,.220,.356,.292,.294,.301,.136,86.8,14.6,34.6,5.9,
Harper, Bryce,2018,26,550,695,137,69,34,0,34,169,130,24.3,18.7,.249,.496,.393,.889,.263,.518,.376,.393,.406,.256,91,14.4,35.4,11.5,
Martin, Leonys,2018,30,318,353,81,52,15,3,11,77,30,21.8,8.5,.255,.425,.323,.747,.267,.497,.323,.365,.339,.231,89.1,18.3,33.7,10.7,
Abreu, Jose,2018,31,499,553,132,73,36,1,22,109,37,19.7,6.7,.265,.473,.325,.798,.281,.498,.337,.361,.344,.218,91.3,12.2,35.4,9.1,
Diaz, Elias,2018,28,252,277,72,50,12,0,10,40,21,14.4,7.6,.286,.452,.339,.792,.289,.445,.340,.346,.345,.157,89.6,10.4,35.3,6.5,
Narvaez, Omar,2018,26,280,322,77,53,14,1,9,65,38,20.2,11.8,.275,.429,.363,.792,.256,.375,.348,.326,.349,.119,85.6,12.9,43.3,2.8,
Suarez, Eugenio,2018,27,527,606,149,91,22,2,34,142,64,23.4,10.6,.283,.526,.366,.892,.280,.522,.377,.381,.366,.242,91.2,14.7,38.6,9.7,
Polanco, Gregory,2018,27,461,535,117,56,32,6,23,117,61,21.9,11.4,.254,.499,.338,.837,.248,.454,.353,.346,.339,.206,88.9,20.1,33.9,9.4,
Sanchez, Yolmer,2018,26,600,662,145,93,34,10,8,138,49,20.8,7.4,.242,.372,.305,.677,.240,.352,.297,.295,.305,.113,86.7,9.3,34.9,3.0,
Schoop, Jonathan,2018,27,473,501,110,66,22,1,21,115,19,23.0,3.8,.233,.416,.265,.682,.229,.355,.290,.272,.264,.126,86.4,11.5,30.9,5.0,
Villanueva, Christian,2018,27,351,384,83,48,15,0,20,104,23,27.1,6.0,.236,.450,.299,.750,.225,.401,.323,.305,.290,.176,86.7,20.8,33.5,9.7,
Adams, Matt,2018,30,306,337,73,42,10,0,21,73,27,21.7,8.0,.239,.477,.309,.786,.240,.472,.334,.336,.310,.232,88.7,19,35.6,10.3,
Altherr, Aaron,2018,27,243,285,44,24,11,1,8,91,36,31.9,12.6,.181,.333,.295,.628,.217,.390,.282,.322,.327,.174,90.4,10.2,30.5,9.7,
Arenado, Nolan,2018,27,590,673,175,97,38,2,38,122,73,18.1,10.8,.297,.561,.373,.934,.267,.476,.391,.355,.350,.210,89.9,15.4,35.6,7.4,
Barnhart, Tucker,2018,27,460,522,114,80,21,3,10,96,54,18.4,10.3,.248,.372,.326,.697,.240,.356,.307,.305,.323,.116,87.1,12.4,35.1,3.5,
Bour, Justin,2018,30,423,501,96,62,13,1,20,124,73,24.8,14.6,.227,.404,.341,.746,.225,.412,.325,.330,.341,.187,88.9,9.9,33.4,10.3,
Davidson, Matt,2018,27,434,496,99,56,23,0,20,165,52,33.3,10.5,.228,.419,.319,.738,.223,.423,.322,.326,.316,.200,90,13.8,36.0,12.1,
Gennett, Scooter,2018,28,584,638,181,125,30,3,23,125,42,19.6,6.6,.310,.490,.356,.846,.258,.411,.362,.317,.312,.152,87.3,14,37.5,5.8,
Hamilton, Billy,2018,28,504,556,119,90,16,9,4,132,46,23.7,8.3,.236,.327,.299,.626,.228,.276,.277,.265,.296,.048,80.5,15.4,36.3,0.5,
Haniger, Mitch,2018,28,596,683,170,102,38,4,26,148,70,21.7,10.2,.285,.493,.366,.859,.282,.507,.367,.378,.366,.226,90.2,12.7,36.5,10.3,
Hernandez, Enrique,2018,27,402,462,103,62,17,3,21,78,50,16.9,10.8,.256,.470,.333,.803,.255,.434,.342,.335,.339,.178,89,16.2,28.8,7.2,
Holt, Brock,2018,30,321,367,89,62,18,2,7,73,37,19.9,10.1,.277,.411,.362,.774,.272,.397,.339,.336,.359,.124,87.9,6.8,33.2,3.6,
Muncy, Max,2018,28,395,481,104,50,17,2,35,131,79,27.2,16.4,.263,.582,.391,.973,.261,.546,.407,.401,.392,.285,90.3,18.2,37.2,16.9,
Myers, Wil,2018,28,312,343,79,42,25,1,11,94,30,27.4,8.7,.253,.446,.318,.763,.278,.452,.328,.346,.341,.175,90.5,9.4,38.8,7.3,
Owings, Chris,2018,27,281,309,58,39,15,0,4,75,24,24.3,7.8,.206,.302,.272,.574,.234,.380,.250,.296,.298,.146,87.8,13.4,33.2,5.8,
Piscotty, Stephen,2018,27,546,605,146,78,41,0,27,114,42,18.8,6.9,.267,.491,.331,.821,.269,.494,.351,.359,.333,.225,88.5,13.1,34.6,9.6,
Pollock, AJ,2018,31,413,460,106,59,21,5,21,100,31,21.7,6.7,.257,.484,.315,.799,.257,.474,.338,.341,.318,.217,89.2,13.5,31.5,10.0,
Seager, Kyle,2018,31,583,630,129,70,36,1,22,138,38,21.9,6.0,.221,.400,.273,.673,.250,.421,.288,.312,.300,.171,89.8,18.5,37.0,5.6,
Taylor, Michael A.,2018,27,353,385,80,49,22,3,6,116,29,30.1,7.5,.227,.357,.286,.643,.214,.342,.280,.275,.277,.128,88.5,8.1,27.2,6.3,
Zunino, Mike,2018,27,373,405,75,37,18,0,20,150,24,37.0,5.9,.201,.410,.259,.669,.208,.422,.288,.300,.267,.214,89.5,18,33.3,13.8,
Carpenter, Matt,2018,33,564,677,145,67,42,0,36,158,102,23.3,15.1,.257,.523,.374,.897,.270,.553,.375,.397,.388,.283,90.7,21.6,44.4,13.7,
Dickerson, Corey,2018,29,504,533,151,96,35,7,13,80,21,15.0,3.9,.300,.474,.330,.804,.292,.461,.341,.340,.325,.169,87.8,15.2,37.6,6.1,
Dozier, Brian,2018,31,553,632,119,66,30,2,21,129,70,20.4,11.1,.215,.391,.305,.696,.210,.358,.304,.298,.304,.148,86.8,17.6,30.5,6.3,
Contreras, Willson,2018,26,474,544,118,76,27,5,10,121,53,22.2,9.7,.249,.390,.338,.729,.224,.364,.321,.307,.319,.141,88.2,8,28.9,7.3,
Gyorko, Jedd,2018,30,351,402,92,61,19,1,11,77,44,19.2,10.9,.262,.416,.346,.762,.232,.407,.333,.323,.322,.175,87.3,15.4,35.6,7.6,
Iglesias, Jose,2018,28,432,464,116,77,31,3,5,47,19,10.1,4.1,.269,.389,.308,.697,.252,.339,.304,.284,.295,.087,84.8,12.1,31.3,1.3,
Travis, Devon,2018,27,357,378,83,55,14,3,11,64,16,16.9,4.2,.232,.381,.275,.656,.266,.410,.284,.314,.307,.144,88.4,7.9,31.4,5.1,
Hechavarria, Adeiny,2018,29,296,321,73,56,11,0,6,58,16,18.1,5.0,.247,.345,.277,.622,.254,.359,.268,.286,.290,.104,87.1,13.5,34.8,2.4,
Austin, Tyler,2018,27,244,268,56,29,10,0,17,95,19,35.4,7.1,.230,.480,.287,.767,.233,.489,.325,.337,.292,.256,89,15.1,37.5,15.8,
Bryant, Kris,2018,26,389,457,106,62,28,3,13,107,48,23.4,10.5,.272,.460,.374,.834,.254,.451,.359,.355,.361,.197,85.8,17.8,38.2,9.5,
Canha, Mark,2018,29,365,411,91,52,22,0,17,88,34,21.4,8.3,.249,.449,.328,.778,.253,.456,.334,.344,.334,.202,87,15.5,36.6,9.0,
Castellanos, Nick,2018,26,620,678,185,111,46,5,23,151,49,22.3,7.2,.298,.500,.354,.854,.299,.535,.363,.381,.356,.236,89.6,15.2,45.3,11.2,
DeShields, Delino,2018,26,334,393,72,55,14,1,2,83,43,21.1,10.9,.216,.281,.300,.582,.196,.259,.271,.263,.298,.064,84.3,7.9,27.3,1.1,
Gamel, Ben,2018,26,257,293,70,51,14,4,1,61,31,20.8,10.6,.272,.370,.358,.728,.261,.361,.323,.320,.349,.101,88.7,7.2,36.0,3.0,
Goodrum, Niko,2018,26,444,492,109,61,29,3,16,132,42,26.8,8.5,.245,.432,.315,.747,.243,.418,.322,.322,.314,.175,88,11.1,37.6,8.0,
Healy, Ryon,2018,26,493,524,116,77,15,0,24,113,27,21.6,5.2,.235,.412,.277,.688,.262,.445,.296,.326,.303,.184,89.6,12.3,32.2,7.1,
Jones, JaCoby,2018,26,429,467,89,50,22,6,11,142,24,30.4,5.1,.207,.364,.266,.629,.236,.371,.274,.300,.295,.135,88.8,12.7,35.2,5.9,
Judge, Aaron,2018,26,413,498,115,66,22,0,27,152,76,30.5,15.3,.278,.528,.392,.919,.274,.527,.391,.396,.390,.253,94.7,12.4,35.7,16.2,
Machado, Manny,2018,26,632,709,188,113,35,3,37,104,70,14.7,9.9,.297,.538,.367,.905,.292,.523,.377,.378,.365,.231,91.6,14.4,33.8,11.3,
Moran, Colin,2018,26,415,465,115,84,19,1,11,82,39,17.6,8.4,.277,.407,.340,.747,.271,.426,.322,.336,.338,.156,88.2,10.7,38.2,5.3,
Pederson, Joc,2018,26,395,443,98,43,27,3,25,85,40,19.2,9.0,.248,.522,.321,.842,.241,.448,.353,.332,.318,.207,91.5,15.8,29.9,8.3,
Realmuto, J.T.,2018,27,477,531,132,78,30,3,21,104,38,19.6,7.2,.277,.484,.339,.823,.278,.486,.353,.361,.344,.207,88.9,14.5,39.8,9.0,
Renfroe, Hunter,2018,26,403,441,100,50,23,1,26,109,30,24.7,6.8,.248,.504,.302,.805,.244,.466,.338,.329,.299,.222,89.9,18.4,29.1,12.4,
Rosario, Eddie,2018,27,559,592,161,104,31,2,24,104,30,17.6,5.1,.288,.479,.323,.802,.245,.432,.340,.307,.284,.187,87.7,17.9,32.5,8.3,
Simmons, Andrelton,2018,29,554,600,162,120,26,5,11,44,35,7.3,5.8,.292,.417,.337,.754,.282,.403,.326,.326,.331,.121,88.2,7.7,27.9,4.1,
Yelich, Christian,2018,27,574,651,187,110,34,7,36,135,68,20.7,10.4,.326,.598,.402,1.000,.323,.575,.422,.422,.402,.252,92.6,5,36.7,12.9,
Merrifield, Whit,2018,29,632,707,192,134,43,3,12,114,61,16.1,8.6,.304,.438,.366,.805,.283,.437,.349,.349,.352,.154,87,16.9,40.9,4.6,
Bogaerts, Xander,2018,26,513,580,148,77,45,3,23,102,55,17.6,9.5,.288,.522,.360,.883,.285,.505,.374,.373,.359,.221,90.6,12.5,32.9,9.8,
Bonifacio, Jorge,2018,25,236,270,53,31,16,2,4,71,29,26.3,10.7,.225,.360,.311,.671,.241,.387,.296,.319,.329,.146,85.9,19.3,39.9,7.7,
Hanson, Alen,2018,26,294,310,74,44,17,5,8,71,9,22.9,2.9,.252,.425,.271,.696,.216,.318,.295,.248,.241,.102,84.2,13.8,32.3,3.9,
Polanco, Jorge,2018,25,302,333,87,60,18,3,6,62,25,18.6,7.5,.288,.427,.342,.769,.254,.374,.336,.309,.318,.119,85.8,17.8,37.7,3.7,
Sano, Miguel,2018,25,266,299,53,26,14,0,13,115,31,38.5,10.4,.199,.398,.281,.679,.176,.357,.295,.276,.263,.181,90.3,12.6,24.8,11.1,
Herrera, Rosell,2018,26,278,302,65,47,14,3,1,57,19,18.9,6.3,.234,.317,.285,.601,.252,.345,.266,.292,.303,.093,87.3,2.4,32.6,2.2,
Difo, Wilmer,2018,26,408,456,94,66,14,7,7,82,39,18.0,8.6,.230,.350,.296,.647,.238,.331,.281,.284,.307,.093,83.2,12.7,33.9,2.4,
Calhoun, Kole,2018,31,491,552,102,63,18,2,19,133,53,24.1,9.6,.208,.369,.283,.651,.250,.456,.283,.337,.322,.206,90.4,12.1,34.3,9.3,
Duvall, Adam,2018,30,384,427,75,40,20,0,15,117,37,27.4,8.7,.195,.365,.274,.639,.230,.430,.278,.321,.306,.200,89,22.6,31.0,10.4,
Eaton, Adam,2018,30,319,370,96,72,18,1,5,64,38,17.3,10.3,.301,.411,.392,.803,.275,.382,.358,.342,.374,.106,87.7,9,33.9,3.1,
Gattis, Evan,2018,32,407,451,92,50,17,0,25,101,33,22.4,7.3,.226,.452,.284,.736,.224,.407,.311,.304,.287,.183,87.6,17.8,31.2,7.6,
Palka, Daniel,2018,27,417,449,100,55,15,3,27,153,30,34.1,6.7,.240,.484,.294,.778,.228,.447,.329,.314,.283,.219,92.3,11.6,28.4,14.4,
Schebler, Scott,2018,28,380,430,97,61,19,0,17,99,39,23.0,9.1,.255,.439,.337,.777,.263,.461,.337,.354,.347,.198,90.2,8.7,32.9,10.6,
Kiermaier, Kevin,2018,28,332,367,72,44,12,9,7,91,25,24.8,6.8,.217,.370,.281,.651,.219,.322,.282,.277,.289,.103,86,7.5,26.1,4.5,
Riddle, JT,2018,27,308,332,71,48,10,4,9,67,20,20.2,6.0,.231,.377,.274,.651,.249,.382,.282,.299,.295,.133,87.6,7.9,34.3,5.3,
Alfaro, Jorge,2018,25,344,377,90,62,16,2,10,138,18,36.6,4.8,.262,.407,.324,.731,.234,.412,.314,.306,.298,.178,91.7,8.4,35.3,10.6,
Profar, Jurickson,2018,25,524,594,133,72,35,6,20,88,54,14.8,9.1,.254,.458,.335,.793,.255,.400,.341,.329,.337,.145,87.3,12.4,33.6,5.0,
Baez, Javier,2018,26,606,645,176,93,40,9,34,167,29,25.9,4.5,.290,.554,.326,.880,.272,.508,.366,.348,.311,.237,90.6,9.6,33.1,12.6,
Bird, Greg,2018,26,272,311,54,26,16,1,11,78,30,25.1,9.6,.199,.386,.286,.672,.201,.408,.291,.304,.290,.208,87.9,19.6,33.3,10.6,
Cave, Jake,2018,26,283,309,75,44,16,2,13,102,18,33.0,5.8,.265,.473,.311,.784,.261,.491,.333,.349,.313,.230,89.2,10.5,40.9,14.5,
Hedges, Austin,2018,26,303,326,70,40,14,2,14,90,21,27.6,6.4,.231,.429,.282,.711,.210,.359,.302,.270,.263,.149,85.6,16.1,30.8,6.5,
Lindor, Francisco,2018,25,661,745,183,101,42,2,38,107,70,14.4,9.4,.277,.519,.350,.869,.293,.520,.368,.381,.367,.228,90.6,14.7,34.3,9.3,
Odor, Rougned,2018,24,474,535,120,77,23,2,18,127,43,23.7,8.0,.253,.424,.325,.749,.244,.417,.325,.324,.321,.173,90.7,13.9,30.2,7.1,
Story, Trevor,2018,26,598,656,174,89,42,6,37,168,47,25.6,7.2,.291,.567,.348,.914,.265,.513,.384,.358,.326,.248,91,16,38.2,12.7,
Sanchez, Gary,2018,26,323,374,60,25,17,0,18,94,46,25.1,12.3,.186,.406,.291,.697,.220,.466,.304,.344,.323,.246,90.3,14.2,29.4,13.9,
Kepler, Max,2018,25,532,611,119,65,30,4,20,96,71,15.7,11.6,.224,.408,.319,.727,.236,.410,.317,.328,.332,.174,89.5,16.2,30.1,6.6,
Franco, Maikel,2018,26,433,465,117,77,17,1,22,62,29,13.3,6.2,.270,.467,.314,.780,.258,.415,.328,.310,.304,.156,88,9.5,29.4,6.4,
Bradley Jr., Jackie,2018,28,474,535,111,61,33,4,13,137,46,25.6,8.6,.234,.403,.314,.717,.264,.468,.310,.351,.341,.204,92.2,12.3,35.2,10.3,
Nunez, Renato,2018,24,236,261,61,39,14,0,8,62,19,23.8,7.3,.258,.419,.322,.741,.224,.369,.322,.297,.294,.144,89,15.7,28.4,8.5,
Candelario, Jeimer,2018,25,539,619,121,71,28,3,19,160,66,25.8,10.7,.224,.393,.317,.710,.209,.352,.311,.295,.304,.143,87.2,15,32.0,6.0,
Ahmed, Nick,2018,28,516,564,121,67,33,5,16,109,40,19.3,7.1,.234,.411,.289,.700,.241,.377,.300,.296,.296,.136,86.9,11.9,36.3,5.1,
Anderson, Brian,2018,25,590,670,161,112,34,4,11,129,62,19.3,9.3,.273,.400,.357,.757,.261,.412,.333,.338,.347,.150,90.2,8.7,29.2,5.8,
Bell, Josh,2018,26,501,583,131,84,31,4,12,104,77,17.8,13.2,.261,.411,.357,.768,.262,.425,.336,.347,.358,.164,90.2,9.5,29.6,7.0,
Betts, Mookie,2018,26,520,614,180,96,47,5,32,91,81,14.8,13.2,.346,.640,.438,1.078,.316,.618,.449,.440,.416,.302,92.2,18.4,39.4,14.1,
Panik, Joe,2018,28,358,392,91,72,14,1,4,30,26,7.7,6.6,.254,.332,.306,.639,.289,.394,.280,.328,.342,.106,86.6,9.9,32.7,2.7,
Smith, Mallex,2018,25,480,544,142,103,27,10,2,98,47,18.0,8.6,.296,.406,.362,.768,.262,.349,.340,.310,.338,.087,85.8,3.7,32.2,1.5,
Spangenberg, Cory,2018,27,298,329,70,50,9,4,7,108,25,32.8,7.6,.235,.362,.295,.657,.225,.365,.291,.291,.291,.140,88.4,8.1,34.5,5.7,
Arcia, Orlando,2018,24,348,366,82,63,16,0,3,87,15,23.8,4.1,.236,.307,.268,.575,.213,.288,.254,.241,.248,.076,86.3,3.9,24.3,2.3,
Hernandez, Teoscar,2018,26,476,523,114,56,29,7,22,163,41,31.2,7.8,.239,.468,.302,.771,.238,.506,.328,.347,.303,.267,91.8,16.9,34.8,15.5,
Peraza, Jose,2018,24,632,683,182,133,31,4,14,75,29,11.0,4.2,.288,.416,.322,.738,.280,.389,.319,.313,.321,.109,85.8,15,37.7,2.5,
Marte, Ketel,2018,25,520,580,135,83,26,12,14,79,54,13.6,9.3,.260,.437,.331,.768,.263,.402,.330,.327,.336,.140,88.8,5.8,28.8,5.0,
Nimmo, Brandon,2018,25,433,535,114,61,28,8,17,140,80,26.2,15.0,.263,.483,.404,.886,.240,.399,.385,.355,.385,.159,89.9,10.7,33.4,6.5,
Turner, Trea,2018,25,664,740,180,128,27,6,19,132,69,17.8,9.3,.271,.416,.343,.759,.277,.424,.331,.342,.351,.147,89.1,9.3,28.8,5.8,
Pillar, Kevin,2018,29,512,542,129,72,40,2,15,98,18,18.1,3.3,.252,.426,.282,.708,.282,.437,.302,.325,.312,.155,87.3,16.8,39.3,5.7,
Ramirez, Jose,2018,26,578,698,156,75,38,4,39,80,106,11.5,15.2,.270,.552,.387,.939,.267,.480,.392,.372,.387,.213,89,19,34.3,8.3,
Bregman, Alex,2018,24,594,705,170,87,51,1,31,85,96,12.1,13.6,.286,.532,.394,.926,.276,.480,.396,.380,.387,.204,89.4,16.8,37.9,7.6,
Gallo, Joey,2018,25,500,577,103,38,24,1,40,207,74,35.9,12.8,.206,.498,.312,.810,.232,.540,.343,.371,.335,.308,94.3,21.9,37.5,22.5,
Russell, Addison,2018,24,420,465,105,78,21,1,5,99,40,21.3,8.6,.250,.340,.316,.657,.242,.337,.291,.290,.311,.095,86.7,11.8,36.7,2.2,
Williams, Nick,2018,25,407,448,104,72,12,3,17,111,32,24.8,7.1,.256,.425,.324,.749,.276,.459,.325,.350,.343,.183,88.8,10.6,36.8,6.8,
Winker, Jesse,2018,25,281,334,84,61,16,0,7,46,49,13.8,14.7,.299,.431,.404,.835,.279,.461,.366,.373,.390,.183,90.9,13.6,33.3,6.3,
Mazara, Nomar,2018,23,489,536,126,80,25,1,20,116,40,21.6,7.5,.258,.436,.317,.753,.264,.448,.324,.338,.325,.184,90.5,5.3,28.2,8.5,
Guzman, Ronald,2018,24,387,428,91,55,18,2,16,121,33,28.3,7.7,.235,.416,.306,.722,.225,.367,.312,.295,.297,.141,86.6,14.3,33.3,6.4,
Jankowski, Travis,2018,27,347,387,90,71,12,3,4,73,37,18.9,9.6,.259,.346,.331,.677,.244,.297,.303,.287,.322,.054,85.6,3.3,26.8,0.7,
Plawecki, Kevin,2018,27,238,277,50,28,13,2,7,65,28,23.5,10.1,.210,.370,.314,.684,.221,.357,.302,.307,.326,.135,86.9,11.5,26.9,4.6,
Mondesi, Adalberto,2018,23,275,291,76,46,13,3,14,77,11,26.5,3.8,.276,.498,.302,.801,.260,.488,.341,.336,.293,.228,90,13.7,31.7,10.4,
Andujar, Miguel,2018,23,573,606,170,94,47,2,27,97,25,16.0,4.1,.297,.527,.328,.855,.281,.447,.361,.331,.314,.166,89.2,12.2,34.6,6.3,
Reyes, Franmil,2018,23,261,285,73,48,9,0,16,80,24,28.1,8.4,.280,.498,.340,.838,.255,.455,.360,.337,.317,.200,92.3,6.8,28.7,11.6,
Robertson, Daniel,2018,24,282,340,74,49,16,0,9,77,43,22.6,12.6,.262,.415,.382,.797,.236,.378,.354,.337,.361,.142,86.6,7.7,31.9,5.3,
Swanson, Dansby,2018,24,478,533,114,71,25,4,14,122,44,22.9,8.3,.238,.395,.300,.696,.231,.365,.293,.285,.299,.134,88,14.1,31.8,4.1,
Taylor, Chris,2018,28,536,604,136,76,35,8,17,178,55,29.5,9.1,.254,.444,.331,.775,.245,.420,.335,.330,.327,.175,88.9,16.4,39.5,8.3,
Correa, Carlos,2018,24,402,468,96,60,20,1,15,111,53,23.7,11.3,.239,.405,.323,.728,.235,.381,.313,.314,.323,.147,88.2,11.6,33.1,7.0,
Dahl, David,2018,24,249,271,68,38,11,3,16,68,19,25.1,7.0,.273,.534,.325,.859,.264,.463,.358,.333,.317,.200,88.7,14.3,35.0,9.3,
Brinson, Lewis,2018,24,382,406,76,50,10,5,11,120,17,29.6,4.2,.199,.338,.239,.577,.229,.402,.248,.295,.271,.173,89.5,7.4,27.3,8.7,
Wendle, Joey,2018,28,487,545,146,100,33,6,7,96,37,17.6,6.8,.300,.435,.352,.788,.264,.378,.338,.312,.326,.115,88.8,10.7,31.8,2.7,
Olson, Matt,2018,24,580,660,143,81,33,0,29,163,70,24.7,10.6,.247,.453,.335,.788,.252,.497,.340,.360,.340,.246,93.2,18,35.1,12.2,
Duffy, Matt,2018,27,503,560,148,121,22,1,4,93,47,16.6,8.4,.294,.366,.361,.727,.275,.363,.323,.320,.345,.088,86.8,4.8,33.7,1.2,
Munoz, Yairo,2018,23,293,329,81,57,16,0,8,71,30,21.6,9.1,.276,.413,.350,.763,.241,.370,.326,.300,.320,.129,87.4,4.6,31.3,4.0,
Margot, Manuel,2018,24,477,519,117,75,26,8,8,88,32,17.0,6.2,.245,.384,.291,.675,.260,.383,.288,.305,.309,.123,89.4,11.5,33.8,3.3,
Camargo, Johan,2018,25,464,524,126,79,27,1,19,108,51,20.6,9.7,.272,.457,.349,.806,.239,.379,.346,.312,.323,.140,88,12.6,31.2,5.0,
Conforto, Michael,2018,25,543,638,132,78,25,1,28,159,84,24.9,13.2,.243,.448,.350,.797,.246,.436,.342,.346,.354,.190,88,12.3,36.3,9.5,
Frazier, Adam,2018,27,318,352,88,53,23,2,10,53,29,15.1,8.2,.277,.456,.341,.797,.268,.395,.343,.323,.334,.127,88,10.4,34.5,4.1,
Puig, Yasiel,2018,28,405,444,108,63,21,1,23,87,36,19.6,8.1,.267,.494,.327,.820,.280,.481,.350,.357,.341,.201,89.4,12.2,34.1,10.6,
Soler, Jorge,2018,26,223,257,59,32,18,0,9,69,28,26.8,10.9,.265,.466,.354,.820,.247,.462,.354,.355,.343,.215,89.5,10.9,31.4,10.3,
Heredia, Guillermo,2018,27,292,337,69,49,14,1,5,52,32,15.4,9.5,.236,.342,.312,.654,.254,.359,.295,.313,.335,.105,86.4,11.1,31.3,2.8,
Pinder, Chad,2018,26,298,333,77,51,12,1,13,88,27,26.4,8.1,.258,.436,.330,.767,.268,.516,.334,.369,.342,.248,91.3,14,37.3,14.2,
Anderson, Tim,2018,25,567,606,136,85,28,3,20,149,30,24.6,5.0,.240,.406,.281,.686,.228,.367,.294,.280,.271,.139,85.8,10.8,33.3,4.7,
Bauers, Jake,2018,23,323,388,65,30,22,2,11,104,54,26.8,13.9,.201,.384,.314,.698,.213,.363,.308,.312,.328,.150,87.6,12.1,33.9,7.0,
Bellinger, Cody,2018,23,557,632,145,85,28,7,25,151,69,23.9,10.9,.260,.470,.343,.814,.242,.439,.345,.332,.329,.198,89.8,16.2,32.0,8.6,
Dozier, Hunter,2018,27,362,388,83,49,19,4,11,109,24,28.1,6.2,.229,.395,.278,.673,.248,.431,.291,.317,.297,.183,89.5,12.9,33.1,10.6,
Engel, Adam,2018,27,429,463,101,74,17,4,6,129,18,27.9,3.9,.235,.336,.274,.610,.211,.305,.270,.251,.257,.094,87,14.7,27.3,2.6,
Garver, Mitch,2018,27,302,335,81,53,19,2,7,72,29,21.5,8.7,.268,.414,.334,.748,.248,.398,.325,.314,.317,.150,89,12.7,31.5,5.6,
Mancini, Trey,2018,26,582,636,141,91,23,3,24,153,44,24.1,6.9,.242,.416,.299,.715,.257,.445,.308,.336,.316,.188,89.9,5.2,27.6,11.8,
Rosario, Amed,2018,23,554,592,142,99,26,8,9,119,29,20.1,4.9,.256,.381,.294,.675,.260,.375,.290,.296,.300,.115,87.8,7.8,32.4,3.9,
Adames, Willy,2018,23,288,323,80,63,7,0,10,95,31,29.4,9.6,.278,.406,.347,.753,.222,.365,.328,.295,.300,.143,86.7,8.5,32.1,6.6,
Benintendi, Andrew,2018,24,579,661,168,105,41,6,16,106,71,16.0,10.7,.290,.465,.365,.829,.286,.461,.357,.361,.363,.175,88.6,12.8,37.6,6.4,
Kemp, Tony,2018,27,255,295,67,46,15,0,6,44,32,14.9,10.8,.263,.392,.346,.738,.227,.315,.327,.292,.321,.088,84.1,11.6,34.0,0.5,
Kiner-Falefa, Isiah,2018,23,356,396,93,69,18,2,4,62,28,15.7,7.1,.261,.357,.321,.677,.260,.322,.301,.295,.324,.062,84.9,7,28.7,0.7,
Albies, Ozzie,2018,21,639,684,167,98,40,5,24,116,36,17.0,5.3,.261,.452,.304,.756,.253,.411,.324,.311,.298,.158,86.8,16.1,34.0,4.7,
Devers, Rafael,2018,22,450,490,108,63,24,0,21,121,38,24.7,7.8,.240,.433,.298,.731,.236,.407,.310,.305,.296,.171,91,11.3,30.2,9.1,
Diaz, Aledmys,2018,28,422,452,111,67,26,0,18,62,23,13.7,5.1,.263,.453,.303,.756,.280,.470,.321,.343,.321,.190,89.1,13.7,32.7,7.4,
Torres, Gleyber,2018,22,431,484,117,76,16,1,24,122,42,25.2,8.7,.271,.480,.339,.819,.257,.469,.349,.345,.329,.212,88.9,19,38.7,9.2,
Allen, Greg,2018,25,265,291,68,52,11,3,2,58,14,19.9,4.8,.257,.343,.306,.649,.264,.357,.288,.302,.319,.093,86.7,7.9,34.9,1.4,
Chapman, Matt,2018,25,547,616,152,80,42,6,24,146,58,23.7,9.4,.278,.508,.356,.864,.260,.440,.369,.343,.341,.180,93.1,14.8,30.5,8.9,
Hoskins, Rhys,2018,25,558,660,137,65,38,0,34,150,87,22.7,13.2,.246,.496,.353,.849,.234,.463,.364,.354,.347,.229,89,22.6,35.8,11.4,
Schwarber, Kyle,2018,25,428,510,102,59,14,3,26,140,78,27.5,15.3,.238,.467,.355,.822,.245,.473,.343,.352,.362,.228,90.9,12.3,34.0,12.7,
DeJong, Paul,2018,25,436,490,105,60,25,1,19,123,36,25.1,7.3,.241,.433,.312,.746,.236,.452,.321,.331,.311,.215,89.3,19.1,37.7,9.1,
Moncada, Yoan,2018,23,578,650,136,81,32,6,17,217,67,33.4,10.3,.235,.400,.314,.714,.216,.388,.311,.303,.298,.172,91,15.4,36.4,9.6,
Ohtani, Shohei,2018,24,326,367,93,48,21,2,22,102,37,27.8,10.1,.285,.564,.360,.924,.276,.546,.390,.386,.354,.270,92.9,12.4,35.6,16.0,
Acuna Jr., Ronald,2018,21,433,487,127,71,26,4,26,123,45,25.3,9.2,.293,.552,.366,.917,.274,.538,.388,.379,.349,.263,90.9,13.1,34.2,13.4,
Happ, Ian,2018,24,387,462,90,54,19,2,15,167,70,36.1,15.2,.233,.408,.353,.761,.212,.394,.329,.321,.337,.182,90,14.1,39.2,12.2,
Bader, Harrison,2018,24,379,427,100,66,20,2,12,125,31,29.3,7.3,.264,.422,.333,.755,.234,.372,.327,.299,.308,.138,87.1,13.7,34.6,6.9,
Fletcher, David,2018,24,284,307,78,57,18,2,1,34,15,11.1,4.9,.275,.363,.313,.675,.279,.349,.297,.303,.323,.070,84,13.4,35.7,0.4,
Kingery, Scott,2018,24,452,484,102,69,23,2,8,126,24,26.0,5.0,.226,.338,.267,.605,.230,.362,.263,.280,.274,.132,86.2,17.4,38.4,5.1,
Soto, Juan,2018,20,414,494,121,73,25,1,22,99,79,20.0,16.0,.292,.517,.405,.922,.265,.487,.392,.375,.384,.223,90.5,6.3,29.7,9.8,
Gurriel Jr., Lourdes,2018,25,249,263,70,51,8,0,11,59,9,22.4,3.4,.281,.446,.308,.754,.276,.461,.322,.332,.306,.185,91.1,11.1,35.2,7.8,